id,name,value,created_at,updated_at,role_id,stat_type,notice
1,MAX HP,1706672,2020-06-16 11:19:18.554707,2020-06-16 11:19:18.554707,1,base,
2,ATK,19792,2020-06-16 11:19:28.625843,2020-06-16 11:19:28.625843,1,base,
3,P.DEF,8792,2020-06-16 11:19:35.601024,2020-06-16 11:19:35.601024,1,base,
4,M.DEF,6840,2020-06-16 11:19:41.31834,2020-06-16 11:19:41.31834,1,base,
5,Crit,50,2020-06-07 10:07:45.205586,2020-06-07 10:07:45.205586,1,class,1
6,Crit DMG,0,2020-07-21 15:11:51.05560,2020-07-21 15:11:56.919623,1,class,2
7,Penetration,0,2020-07-21 15:11:51.05565,2020-07-21 15:11:56.919628,1,class,3
8,ACC,0,2020-07-21 15:11:51.05568,2020-07-21 15:11:56.919631,1,class,4
9,P.Dodge,0,2020-07-21 15:11:51.05569,2020-07-21 15:11:56.919632,1,class,5
10,M.Dodge,0,2020-07-21 15:11:51.05570,2020-07-21 15:11:56.919633,1,class,6
11,P.Block,100,2020-06-07 10:09:43.237435,2020-06-07 10:09:43.237435,1,class,7
12,M.Block,100,2020-06-07 10:09:47.26713,2020-06-07 10:09:47.26713,1,class,8
13,P.Block DEF,0,2020-07-21 15:11:51.05588,2020-07-21 15:11:56.919651,1,class,9
14,M.Block DEF,0,2020-07-21 15:11:51.05589,2020-07-21 15:11:56.919652,1,class,10
15,P.Tough,250,2020-06-07 10:10:01.224998,2020-06-07 10:10:01.224998,1,class,11
16,M.Tough,250,2020-06-07 10:10:04.298619,2020-06-07 10:10:04.298619,1,class,12
17,Recovery,0,2020-07-21 15:11:51.05526,2020-07-21 15:11:56.919589,1,class,13
18,CC Resist,0,2020-07-21 15:11:51.05547,2020-07-21 15:11:56.919610,1,class,14
19,Debuff ACC,0,2020-07-21 15:11:51.05533,2020-07-21 15:11:56.919596,1,class,15
20,Lifesteal,0,2020-07-21 15:11:51.05540,2020-07-21 15:11:56.919603,1,class,16
21,ATK Spd,1000,2020-07-21 15:11:51.05553,2020-07-21 15:11:56.919616,1,class,17
22,MP Recovery/Attack,0,2020-07-21 15:11:51.05560,2020-07-21 15:11:56.919623,1,class,18
23,P.Crit Resistance,0,2020-07-21 15:11:51.05560,2020-07-21 15:11:56.919623,1,class,19
24,M.Crit Resistance,0,2020-07-21 15:11:51.05561,2020-07-21 15:11:56.919624,1,class,20
25,MAX HP,1449520,2020-06-16 11:19:51.546089,2020-06-16 11:19:51.546089,2,base,
26,ATK,22488,2020-07-31 18:10:26.861765,2020-07-31 18:10:26.861765,2,base,
27,P.DEF,7328,2020-06-16 11:20:02.34629,2020-06-16 11:20:02.34629,2,base,
28,M.DEF,8792,2020-06-16 11:20:09.701088,2020-06-16 11:20:09.701088,2,base,
29,Crit,150,2020-06-07 10:13:27.42496,2020-06-07 10:13:27.42496,2,class,1
30,Crit DMG,0,2020-07-21 15:11:51.05561,2020-07-21 15:11:56.919624,2,class,2
31,Penetration,150,2020-06-07 10:13:34.325552,2020-06-07 10:13:34.325552,2,class,3
32,ACC,100,2020-06-07 10:13:40.176515,2020-06-07 10:13:40.176515,2,class,4
33,P.Dodge,100,2020-06-07 10:13:47.368522,2020-06-07 10:13:47.368522,2,class,5
34,M.Dodge,100,2020-06-07 10:13:50.969412,2020-06-07 10:13:50.969412,2,class,6
35,P.Block,0,2020-07-21 15:11:51.05578,2020-07-21 15:11:56.919641,2,class,7
36,M.Block,0,2020-07-21 15:11:51.05579,2020-07-21 15:11:56.919642,2,class,8
37,P.Block DEF,0,2020-07-21 15:11:51.05590,2020-07-21 15:11:56.919653,2,class,9
38,M.Block DEF,0,2020-07-21 15:11:51.05591,2020-07-21 15:11:56.919654,2,class,10
39,P.Tough,0,2020-07-21 15:11:51.05601,2020-07-21 15:11:56.919664,2,class,11
40,M.Tough,0,2020-07-21 15:11:51.05602,2020-07-21 15:11:56.919665,2,class,12
41,Recovery,0,2020-07-21 15:11:51.05527,2020-07-21 15:11:56.919590,2,class,13
42,CC Resist,150,2020-06-07 10:14:00.383327,2020-06-07 10:14:00.383327,2,class,14
43,Debuff ACC,0,2020-07-21 15:11:51.05534,2020-07-21 15:11:56.919597,2,class,15
44,Lifesteal,0,2020-07-21 15:11:51.05541,2020-07-21 15:11:56.919604,2,class,16
45,ATK Spd,1000,2020-07-21 15:11:51.05554,2020-07-21 15:11:56.919617,2,class,17
46,MP Recovery/Attack,0,2020-07-21 15:11:51.05561,2020-07-21 15:11:56.919624,2,class,18
47,P.Crit Resistance,0,2020-07-21 15:11:51.05562,2020-07-21 15:11:56.919625,2,class,19
48,M.Crit Resistance,0,2020-07-21 15:11:51.05563,2020-07-21 15:11:56.919626,2,class,20
49,MAX HP,1384992,2020-06-16 11:20:24.022658,2020-06-16 11:20:24.022658,3,base,
50,ATK,24688,2020-06-16 11:20:30.503281,2020-06-16 11:20:30.503281,3,base,
51,P.DEF,7816,2020-06-16 11:20:36.736973,2020-06-16 11:20:36.736973,3,base,
52,M.DEF,6840,2020-06-16 11:20:42.062887,2020-06-16 11:20:42.062887,3,base,
53,Crit,200,2020-06-07 10:14:09.632804,2020-06-07 10:14:09.632804,3,class,1
54,Crit DMG,30,2020-06-07 10:14:15.233518,2020-06-07 10:14:15.233518,3,class,2
55,Penetration,0,2020-07-21 15:11:51.05566,2020-07-21 15:11:56.919629,3,class,3
56,ACC,100,2020-06-07 10:14:20.79461,2020-06-07 10:14:20.79461,3,class,4
57,P.Dodge,200,2020-06-07 10:14:27.570486,2020-06-07 10:14:27.570486,3,class,5
58,M.Dodge,200,2020-06-07 10:14:30.539704,2020-06-07 10:14:30.539704,3,class,6
59,P.Block,0,2020-07-21 15:11:51.05580,2020-07-21 15:11:56.919643,3,class,7
60,M.Block,0,2020-07-21 15:11:51.05581,2020-07-21 15:11:56.919644,3,class,8
61,P.Block DEF,0,2020-07-21 15:11:51.05592,2020-07-21 15:11:56.919655,3,class,9
62,P.DEF,9148,2020-07-21 14:42:11.447104,2020-07-21 14:42:11.447104,NULL,gear,
63,M.DEF,9148,2020-07-21 14:45:21.244157,2020-07-21 14:45:21.244157,NULL,gear,
64,P.DEF,6099,2020-07-21 14:45:36.096558,2020-07-21 14:45:36.096558,NULL,gear,
65,M.DEF,3052,2020-07-21 14:46:02.832139,2020-07-21 14:46:02.832139,NULL,gear,
66,P.DEF,3052,2020-07-21 14:46:17.007864,2020-07-21 14:46:17.007864,NULL,gear,
67,M.DEF,6099,2020-07-21 14:46:32.68278,2020-07-21 14:46:32.68278,NULL,gear,
68,HP,407302,2020-07-21 14:47:02.570773,2020-07-21 14:47:02.570773,NULL,gear,
69,ATK,8860,2020-07-21 14:47:19.763967,2020-07-21 14:47:19.763967,NULL,gear,
70,M.DEF,6377,2020-07-21 14:47:38.743914,2020-07-21 14:47:38.743914,NULL,gear,
71,P.DEF,6377,2020-07-21 14:47:54.066342,2020-07-21 14:47:54.066342,NULL,gear,
72,HP,442512,2020-07-21 14:48:09.595237,2020-07-21 14:48:09.595237,NULL,gear,
73,P.DEF,13625,2020-07-21 14:48:32.291481,2020-07-21 14:48:32.291481,NULL,gear,
74,M.DEF,13625,2020-07-21 14:48:39.18595,2020-07-21 14:48:39.18595,NULL,gear,
75,P.DEF,9091,2020-07-21 14:49:01.6004,2020-07-21 14:49:01.6004,NULL,gear,
76,M.DEF,4547,2020-07-21 14:49:15.916756,2020-07-21 14:49:15.916756,NULL,gear,
77,P.DEF,4547,2020-07-21 14:49:29.38033,2020-07-21 14:49:29.38033,NULL,gear,
78,M.DEF,9091,2020-07-21 14:49:40.033139,2020-07-21 14:49:40.033139,NULL,gear,
79,HP,580102,2020-07-21 15:00:08.699213,2020-07-21 15:00:08.699213,NULL,gear,
80,ATK,12617,2020-07-21 15:00:25.671442,2020-07-21 15:00:25.671442,NULL,gear,
81,M.DEF,9091,2020-07-21 15:00:41.759413,2020-07-21 15:00:41.759413,NULL,gear,
82,P.DEF,9091,2020-07-21 15:00:57.290713,2020-07-21 15:00:57.290713,NULL,gear,
83,HP,608371,2020-07-21 15:01:22.673328,2020-07-21 15:01:22.673328,NULL,gear,
84,P.DEF,17052,2020-07-21 15:03:50.751701,2020-07-21 15:03:50.751701,NULL,gear,
85,M.DEF,17052,2020-07-21 15:03:58.1661,2020-07-21 15:03:58.1661,NULL,gear,
86,P.DEF,11369,2020-07-21 15:04:12.379562,2020-07-21 15:04:12.379562,NULL,gear,
87,M.DEF,5686,2020-07-21 15:04:24.24325,2020-07-21 15:04:24.24325,NULL,gear,
88,P.DEF,5686,2020-07-21 15:04:39.908417,2020-07-21 15:04:39.908417,NULL,gear,
89,M.DEF,11369,2020-07-21 15:04:56.941099,2020-07-21 15:04:56.941099,NULL,gear,
90,HP,726278,2020-07-21 15:05:12.894116,2020-07-21 15:05:12.894116,NULL,gear,
91,ATK,15801,2020-07-21 15:05:29.326214,2020-07-21 15:05:29.326214,NULL,gear,
92,M.DEF,11369,2020-07-21 15:05:46.326701,2020-07-21 15:05:46.326701,NULL,gear,
93,P.DEF,11369,2020-07-21 15:05:57.691439,2020-07-21 15:05:57.691439,NULL,gear,
94,HP,726278,2020-07-21 15:06:26.370416,2020-07-21 15:06:26.370416,NULL,gear,
95,M.Block DEF,0,2020-07-21 15:11:51.05593,2020-07-21 15:11:56.919656,3,class,10
96,P.Tough,0,2020-07-21 15:11:51.05603,2020-07-21 15:11:56.919666,3,class,11
97,M.Tough,0,2020-07-21 15:11:51.05604,2020-07-21 15:11:56.919667,3,class,12
98,Recovery,0,2020-07-21 15:11:51.05528,2020-07-21 15:11:56.919591,3,class,13
99,CC Resist,0,2020-07-21 15:11:51.05548,2020-07-21 15:11:56.919611,3,class,14
100,Debuff ACC,0,2020-07-21 15:11:51.05535,2020-07-21 15:11:56.919598,3,class,15
101,Lifesteal,0,2020-07-21 15:11:51.05542,2020-07-21 15:11:56.919605,3,class,16
102,ATK Spd,1000,2020-07-21 15:11:51.05555,2020-07-21 15:11:56.919618,3,class,17
103,MP Recovery/Attack,0,2020-07-21 15:11:51.05562,2020-07-21 15:11:56.919625,3,class,18
104,P.Crit Resistance,0,2020-07-21 15:11:51.05564,2020-07-21 15:11:56.919627,3,class,19
105,M.Crit Resistance,0,2020-07-21 15:11:51.05565,2020-07-21 15:11:56.919628,3,class,20
106,Crit,150,2020-06-07 10:14:37.982699,2020-06-07 10:14:37.982699,4,class,1
107,Crit DMG,0,2020-07-21 15:11:51.05562,2020-07-21 15:11:56.919625,4,class,2
108,Penetration,250,2020-06-07 10:14:43.80951,2020-06-07 10:14:43.80951,4,class,3
109,HP,1596066,2020-07-21 15:11:51.05559,2020-07-21 15:11:56.919622,NULL,gear,
110,MAX HP,1066728,2020-06-16 11:20:52.922375,2020-06-16 11:20:52.922375,4,base,
111,ATK,27864,2020-06-16 11:20:58.834135,2020-06-16 11:20:58.834135,4,base,
112,P.DEF,5376,2020-06-16 11:21:05.412617,2020-06-16 11:21:05.412617,4,base,
113,M.DEF,4392,2020-06-16 11:21:45.441109,2020-06-16 11:21:45.441109,4,base,
114,ACC,100,2020-06-07 10:14:48.570904,2020-06-07 10:14:48.570904,4,class,4
115,P.Dodge,0,2020-07-21 15:11:51.05571,2020-07-21 15:11:56.919634,4,class,5
116,M.Dodge,0,2020-07-21 15:11:51.05572,2020-07-21 15:11:56.919635,4,class,6
117,P.Block,0,2020-07-21 15:11:51.05582,2020-07-21 15:11:56.919645,4,class,7
118,M.Block,0,2020-07-21 15:11:51.05583,2020-07-21 15:11:56.919646,4,class,8
119,P.Block DEF,0,2020-07-21 15:11:51.05594,2020-07-21 15:11:56.919657,4,class,9
120,M.Block DEF,0,2020-07-21 15:11:51.05595,2020-07-21 15:11:56.919658,4,class,10
121,P.Tough,0,2020-07-21 15:11:51.05605,2020-07-21 15:11:56.919668,4,class,11
122,M.Tough,0,2020-07-21 15:11:51.05606,2020-07-21 15:11:56.919669,4,class,12
123,Recovery,0,2020-07-21 15:11:51.05529,2020-07-21 15:11:56.919592,4,class,13
124,CC Resist,0,2020-07-21 15:11:51.05549,2020-07-21 15:11:56.919612,4,class,14
125,Debuff ACC,0,2020-07-21 15:11:51.05536,2020-07-21 15:11:56.919599,4,class,15
126,Lifesteal,0,2020-07-21 15:11:51.05543,2020-07-21 15:11:56.919606,4,class,16
127,ATK Spd,1000,2020-07-21 15:11:51.05556,2020-07-21 15:11:56.919619,4,class,17
128,MP Recovery/Attack,0,2020-07-21 15:11:51.05563,2020-07-21 15:11:56.919626,4,class,18
129,P.Crit Resistance,0,2020-07-21 15:11:51.05566,2020-07-21 15:11:56.919629,4,class,19
130,M.Crit Resistance,0,2020-07-21 15:11:51.05567,2020-07-21 15:11:56.919630,4,class,20
131,MAX HP,1157176,2020-06-16 11:21:58.303379,2020-06-16 11:21:58.303379,5,base,
132,ATK,25416,2020-06-16 11:22:04.544729,2020-06-16 11:22:04.544729,5,base,
133,P.DEF,5376,2020-06-16 11:22:09.989639,2020-06-16 11:22:09.989639,5,base,
134,M.DEF,4392,2020-06-16 11:22:15.087842,2020-06-16 11:22:15.087842,5,base,
135,Crit,150,2020-06-07 10:16:10.56233,2020-06-07 10:16:10.56233,5,class,1
136,Crit DMG,50,2020-06-07 10:16:16.866591,2020-06-07 10:16:16.866591,5,class,2
137,Penetration,100,2020-06-07 10:16:27.834747,2020-06-07 10:16:27.834747,5,class,3
138,ACC,200,2020-06-07 10:18:12.172771,2020-06-07 10:18:12.172771,5,class,4
139,P.Dodge,0,2020-07-21 15:11:51.05573,2020-07-21 15:11:56.919636,5,class,5
140,M.Dodge,0,2020-07-21 15:11:51.05574,2020-07-21 15:11:56.919637,5,class,6
141,P.Block,0,2020-07-21 15:11:51.05584,2020-07-21 15:11:56.919647,5,class,7
142,M.Block,0,2020-07-21 15:11:51.05585,2020-07-21 15:11:56.919648,5,class,8
143,P.Block DEF,0,2020-07-21 15:11:51.05596,2020-07-21 15:11:56.919659,5,class,9
144,M.Block DEF,0,2020-07-21 15:11:51.05597,2020-07-21 15:11:56.919660,5,class,10
145,P.Tough,0,2020-07-21 15:11:51.05607,2020-07-21 15:11:56.919670,5,class,11
146,M.Tough,0,2020-07-21 15:11:51.05608,2020-07-21 15:11:56.919671,5,class,12
147,Recovery,0,2020-07-21 15:11:51.05530,2020-07-21 15:11:56.919593,5,class,13
148,CC Resist,0,2020-07-21 15:11:51.05550,2020-07-21 15:11:56.919613,5,class,14
149,Debuff ACC,0,2020-07-21 15:11:51.05537,2020-07-21 15:11:56.919600,5,class,15
150,Lifesteal,0,2020-07-21 15:11:51.05544,2020-07-21 15:11:56.919607,5,class,16
151,ATK Spd,1000,2020-07-21 15:11:51.05557,2020-07-21 15:11:56.919620,5,class,17
152,MP Recovery/Attack,0,2020-07-21 15:11:51.05564,2020-07-21 15:11:56.919627,5,class,18
153,P.Crit Resistance,0,2020-07-21 15:11:51.05568,2020-07-21 15:11:56.919631,5,class,19
154,M.Crit Resistance,0,2020-07-21 15:11:51.05569,2020-07-21 15:11:56.919632,5,class,20
155,MAX HP,985328,2020-06-16 11:22:24.726217,2020-06-16 11:22:24.726217,6,base,
156,ATK,29328,2020-06-16 11:22:29.97957,2020-06-16 11:22:29.97957,6,base,
157,P.DEF,3904,2020-06-16 11:22:35.683488,2020-06-16 11:22:35.683488,6,base,
158,M.DEF,5864,2020-06-16 11:22:41.255497,2020-06-16 11:22:41.255497,6,base,
159,Crit,100,2020-06-07 10:18:19.34013,2020-06-07 10:18:19.34013,6,class,1
160,Crit DMG,0,2020-07-21 15:11:51.05563,2020-07-21 15:11:56.919626,6,class,2
161,Penetration,150,2020-06-07 10:18:26.262981,2020-06-07 10:18:26.262981,6,class,3
162,ACC,100,2020-06-07 10:18:31.275613,2020-06-07 10:18:31.275613,6,class,4
163,P.Dodge,0,2020-07-21 15:11:51.05575,2020-07-21 15:11:56.919638,6,class,5
164,M.Dodge,200,2020-06-07 10:18:36.625598,2020-06-07 10:18:36.625598,6,class,6
165,P.Block,0,2020-07-21 15:11:51.05586,2020-07-21 15:11:56.919649,6,class,7
166,M.Block,250,2020-06-07 10:18:42.70958,2020-06-07 10:18:42.70958,6,class,8
167,P.Block DEF,0,2020-07-21 15:11:51.05598,2020-07-21 15:11:56.919661,6,class,9
168,M.Block DEF,0,2020-07-21 15:11:51.05599,2020-07-21 15:11:56.919662,6,class,10
169,P.Tough,0,2020-07-21 15:11:51.05609,2020-07-21 15:11:56.919672,6,class,11
170,M.Tough,0,2020-07-21 15:11:51.05610,2020-07-21 15:11:56.919673,6,class,12
171,Recovery,0,2020-07-21 15:11:51.05531,2020-07-21 15:11:56.919594,6,class,13
172,CC Resist,0,2020-07-21 15:11:51.05551,2020-07-21 15:11:56.919614,6,class,14
173,Debuff ACC,0,2020-07-21 15:11:51.05538,2020-07-21 15:11:56.919601,6,class,15
174,Lifesteal,0,2020-07-21 15:11:51.05545,2020-07-21 15:11:56.919608,6,class,16
175,ATK Spd,1000,2020-07-21 15:11:51.05558,2020-07-21 15:11:56.919621,6,class,17
176,MP Recovery/Attack,0,2020-07-21 15:11:51.05565,2020-07-21 15:11:56.919628,6,class,18
177,P.Crit Resistance,0,2020-07-21 15:11:51.05570,2020-07-21 15:11:56.919633,6,class,19
178,M.Crit Resistance,0,2020-07-21 15:11:51.05571,2020-07-21 15:11:56.919634,6,class,20
179,MAX HP,1104864,2020-06-16 11:22:49.842465,2020-06-16 11:22:49.842465,7,base,
180,ATK,23216,2020-06-16 11:22:55.393983,2020-06-16 11:22:55.393983,7,base,
181,P.DEF,4888,2020-06-16 11:23:01.112326,2020-06-16 11:23:01.112326,7,base,
182,M.DEF,6104,2020-06-16 11:23:06.558466,2020-06-16 11:23:06.558466,7,base,
183,Crit,100,2020-06-07 10:18:49.273738,2020-06-07 10:18:49.273738,7,class,1
184,Crit DMG,0,2020-07-21 15:11:51.05564,2020-07-21 15:11:56.919627,7,class,2
185,Penetration,0,2020-07-21 15:11:51.05567,2020-07-21 15:11:56.919630,7,class,3
186,ACC,100,2020-06-07 10:18:54.159452,2020-06-07 10:18:54.159452,7,class,4
187,P.Dodge,0,2020-07-21 15:11:51.05576,2020-07-21 15:11:56.919639,7,class,5
188,M.Dodge,0,2020-07-21 15:11:51.05577,2020-07-21 15:11:56.919640,7,class,6
189,P.Block,0,2020-07-21 15:11:51.05587,2020-07-21 15:11:56.919650,7,class,7
190,M.Block,500,2020-06-07 10:18:59.669923,2020-06-07 10:18:59.669923,7,class,8
191,P.Block DEF,0,2020-07-21 15:11:51.05600,2020-07-21 15:11:56.919663,7,class,9
192,M.Block DEF,250,2020-06-07 10:19:12.315421,2020-06-07 10:19:12.315421,7,class,10
193,P.Tough,0,2020-07-21 15:11:51.05611,2020-07-21 15:11:56.919674,7,class,11
194,M.Tough,150,2020-06-07 10:19:19.422677,2020-06-07 10:19:19.422677,7,class,12
195,Recovery,0,2020-07-21 15:11:51.05532,2020-07-21 15:11:56.919595,7,class,13
196,CC Resist,0,2020-07-21 15:11:51.05552,2020-07-21 15:11:56.919615,7,class,14
197,Debuff ACC,0,2020-07-21 15:11:51.05539,2020-07-21 15:11:56.919602,7,class,15
198,Lifesteal,0,2020-07-21 15:11:51.05546,2020-07-21 15:11:56.919609,7,class,16
199,ATK Spd,1000,2020-07-21 15:11:51.05559,2020-07-21 15:11:56.919622,7,class,17
200,MP Recovery/Attack,0,2020-07-21 15:11:51.05566,2020-07-21 15:11:56.919629,7,class,18
201,P.Crit Resistance,0,2020-07-21 15:11:51.05572,2020-07-21 15:11:56.919635,7,class,19
202,M.Crit Resistance,0,2020-07-21 15:11:51.05573,2020-07-21 15:11:56.919636,7,class,20
203,ATK,32730,2020-07-21 15:06:54.24312,2020-07-21 15:07:13.488434,1,gear,
204,ATK,45106,2020-07-21 15:08:11.18133,2020-07-21 15:08:11.18133,1,gear,
205,ATK,37010,2020-07-21 15:08:27.306255,2020-07-21 15:08:27.306255,2,gear,
206,ATK,51120,2020-07-21 15:08:37.78358,2020-07-21 15:08:37.78358,2,gear,
207,ATK,40711,2020-07-21 15:08:52.151125,2020-07-21 15:08:52.151125,3,gear,
208,ATK,56209,2020-07-21 15:09:02.953773,2020-07-21 15:09:02.953773,3,gear,
209,ATK,45915,2020-07-21 15:09:16.698008,2020-07-21 15:09:16.698008,4,gear,
210,ATK,63264,2020-07-21 15:09:27.609509,2020-07-21 15:09:27.609509,4,gear,
211,ATK,41867,2020-07-21 15:10:46.007971,2020-07-21 15:10:46.007971,5,gear,
212,ATK,57712,2020-07-21 15:11:00.275544,2020-07-21 15:11:00.275544,5,gear,
213,ATK,42793,2020-07-21 15:11:10.332301,2020-07-21 15:11:10.332301,6,gear,
214,ATK,58985,2020-07-21 15:11:18.225435,2020-07-21 15:11:18.225435,6,gear,
215,ATK,42793,2020-07-21 15:11:27.940157,2020-07-21 15:11:27.940157,7,gear,
216,ATK,58985,2020-07-21 15:11:39.445123,2020-07-21 15:11:39.445123,7,gear,
217,ATK,0,2020-11-14 0:00:00,2020-11-14 0:00:00,NULL,option,
218,ATK Spd,0,2020-11-14 0:00:00,2020-11-14 0:00:00,NULL,option,
219,Crit,0,2020-11-14 0:00:00,2020-11-14 0:00:00,NULL,option,
220,Crit DMG,0,2020-11-14 0:00:00,2020-11-14 0:00:00,NULL,option,
221,MP Recovery/Attack,0,2020-11-14 0:00:00,2020-11-14 0:00:00,NULL,option,
222,MP Recovery/Sec,0,2020-11-14 0:00:00,2020-11-14 0:00:00,NULL,option,
223,Penetration,0,2020-11-14 0:00:00,2020-11-14 0:00:00,NULL,option,
224,Lifesteal,0,2020-11-14 0:00:00,2020-11-14 0:00:00,NULL,option,
225,ACC,0,2020-11-14 0:00:00,2020-11-14 0:00:00,NULL,option,
226,Debuff ACC,0,2020-11-14 0:00:00,2020-11-14 0:00:00,NULL,option,
227,Max HP,0,2020-11-14 0:00:00,2020-11-14 0:00:00,NULL,option,
228,CC Resist,0,2020-11-14 0:00:00,2020-11-14 0:00:00,NULL,option,
229,Block,0,2020-11-14 0:00:00,2020-11-14 0:00:00,NULL,option,
230,P. Block,0,2020-11-14 0:00:00,2020-11-14 0:00:00,NULL,option,
231,M. Block,0,2020-11-14 0:00:00,2020-11-14 0:00:00,NULL,option,
232,Crit Resistance,0,2020-11-14 0:00:00,2020-11-14 0:00:00,NULL,option,
233,P. Crit Resistance,0,2020-11-14 0:00:00,2020-11-14 0:00:00,NULL,option,
234,M. Crit Resistance,0,2020-11-14 0:00:00,2020-11-14 0:00:00,NULL,option,
235,DEF,0,2020-11-14 0:00:00,2020-11-14 0:00:00,NULL,option,
236,P. DEF,0,2020-11-14 0:00:00,2020-11-14 0:00:00,NULL,option,
237,M. DEF,0,2020-11-14 0:00:00,2020-11-14 0:00:00,NULL,option,
238,Dodge,0,2020-11-14 0:00:00,2020-11-14 0:00:00,NULL,option,
239,P. Dodge,0,2020-11-14 0:00:00,2020-11-14 0:00:00,NULL,option,
240,M. Dodge,0,2020-11-14 0:00:00,2020-11-14 0:00:00,NULL,option,
241,Tough,0,2020-11-14 0:00:00,2020-11-14 0:00:00,NULL,options,
242,P. Tough,0,2020-11-14 0:00:00,2020-11-14 0:00:00,NULL,options,
243,M. Tough,0,2020-11-14 0:00:00,2020-11-14 0:00:00,NULL,options,
244,Recovery,0,2020-11-14 0:00:00,2020-11-14 0:00:00,NULL,options,
245,Mana Recovery upon taking DMG,0,2020-11-14 0:00:00,2020-11-14 0:00:00,NULL,options,
246,DMG Reduction upon P.Block,0,2020-11-14 0:00:00,2020-11-14 0:00:00,NULL,options,
247,DMG Reduction upon M.Block,0,2020-11-14 0:00:00,2020-11-14 0:00:00,NULL,options,
248,DMG Reduction upon Block,0,2020-11-14 0:00:00,2020-11-14 0:00:00,NULL,options,
249,,53718,2021-02-22 0:00:00,2021-02-22 0:00:00,NULL,gear,
250,,40928,2021-02-22 0:00:00,2021-02-22 0:00:00,NULL,gear,
251,,35809,2021-02-22 0:00:00,2021-02-22 0:00:00,NULL,gear,
252,,27283,2021-02-22 0:00:00,2021-02-22 0:00:00,NULL,gear,
253,,17908,2021-02-22 0:00:00,2021-02-22 0:00:00,NULL,gear,
254,,13644,2021-02-22 0:00:00,2021-02-22 0:00:00,NULL,gear,
255,,1715830,2021-02-22 0:00:00,2021-02-22 0:00:00,NULL,gear,
256,,1307299,2021-02-22 0:00:00,2021-02-22 0:00:00,NULL,gear,
257,,37327,2021-02-22 0:00:00,2021-02-22 0:00:00,NULL,gear,
258,,28440,2021-02-22 0:00:00,2021-02-22 0:00:00,NULL,gear,
259,ATK,,2021-04-02 0:00:00,2021-04-02 0:00:00,,tm,
260,ATK Spd,,2021-04-02 0:00:00,2021-04-02 0:00:00,,tm,
261,Crit,,2021-04-02 0:00:00,2021-04-02 0:00:00,,tm,
262,Crit DMG,,2021-04-02 0:00:00,2021-04-02 0:00:00,,tm,
263,MP Recovery/Attack,,2021-04-02 0:00:00,2021-04-02 0:00:00,,tm,
264,MP Recovery/Sec,,2021-04-02 0:00:00,2021-04-02 0:00:00,,tm,
265,Penetration,,2021-04-02 0:00:00,2021-04-02 0:00:00,,tm,
266,Lifesteal,,2021-04-02 0:00:00,2021-04-02 0:00:00,,tm,
267,ACC,,2021-04-02 0:00:00,2021-04-02 0:00:00,,tm,
268,Debuff ACC,,2021-04-02 0:00:00,2021-04-02 0:00:00,,tm,
269,Max HP,,2021-04-02 0:00:00,2021-04-02 0:00:00,,tm,
270,CC Resist,,2021-04-02 0:00:00,2021-04-02 0:00:00,,tm,
271,P.Block,,2021-04-02 0:00:00,2021-04-02 0:00:00,,tm,
272,M.Block,,2021-04-02 0:00:00,2021-04-02 0:00:00,,tm,
273,P.Crit Resistance,,2021-04-02 0:00:00,2021-04-02 0:00:00,,tm,
274,M.Crit Resistance,,2021-04-02 0:00:00,2021-04-02 0:00:00,,tm,
275,P.DEF,,2021-04-02 0:00:00,2021-04-02 0:00:00,,tm,
276,M.DEF,,2021-04-02 0:00:00,2021-04-02 0:00:00,,tm,
277,P.Dodge,,2021-04-02 0:00:00,2021-04-02 0:00:00,,tm,
278,M.Dodge,,2021-04-02 0:00:00,2021-04-02 0:00:00,,tm,
279,ATK,,2021-04-02 0:00:00,2021-04-02 0:00:00,,opt,
280,ATK Spd,,2021-04-02 0:00:00,2021-04-02 0:00:00,,opt,
281,Crit,,2021-04-02 0:00:00,2021-04-02 0:00:00,,opt,
282,Crit DMG,,2021-04-02 0:00:00,2021-04-02 0:00:00,,opt,
283,MP Recovery/Attack,,2021-04-02 0:00:00,2021-04-02 0:00:00,,opt,
284,MP Recovery/Sec,,2021-04-02 0:00:00,2021-04-02 0:00:00,,opt,
285,Penetration,,2021-04-02 0:00:00,2021-04-02 0:00:00,,opt,
286,Lifesteal,,2021-04-02 0:00:00,2021-04-02 0:00:00,,opt,
287,ACC,,2021-04-02 0:00:00,2021-04-02 0:00:00,,opt,
288,Debuff ACC,,2021-04-02 0:00:00,2021-04-02 0:00:00,,opt,
289,Max HP,,2021-04-02 0:00:00,2021-04-02 0:00:00,,opt,
290,CC Resist,,2021-04-02 0:00:00,2021-04-02 0:00:00,,opt,
291,Block,,2021-04-02 0:00:00,2021-04-02 0:00:00,,opt,
292,P.Block,,2021-04-02 0:00:00,2021-04-02 0:00:00,,opt,
293,M.Block,,2021-04-02 0:00:00,2021-04-02 0:00:00,,opt,
294,Crit Resistance,,2021-04-02 0:00:00,2021-04-02 0:00:00,,opt,
295,P.Crit Resistance,,2021-04-02 0:00:00,2021-04-02 0:00:00,,opt,
296,M.Crit Resistance,,2021-04-02 0:00:00,2021-04-02 0:00:00,,opt,
297,DEF,,2021-04-02 0:00:00,2021-04-02 0:00:00,,opt,
298,P.DEF,,2021-04-02 0:00:00,2021-04-02 0:00:00,,opt,
299,M.DEF,,2021-04-02 0:00:00,2021-04-02 0:00:00,,opt,
300,Dodge,,2021-04-02 0:00:00,2021-04-02 0:00:00,,opt,
301,P.Dodge,,2021-04-02 0:00:00,2021-04-02 0:00:00,,opt,
302,M.Dodge,,2021-04-02 0:00:00,2021-04-02 0:00:00,,opt,
303,Resistance,,2021-04-02 0:00:00,2021-04-02 0:00:00,,tr,
304,P.Resistance,,2021-04-02 0:00:00,2021-04-02 0:00:00,,tr,
305,M.Resistance,,2021-04-02 0:00:00,2021-04-02 0:00:00,,tr,
306,Recovery,,2021-04-02 0:00:00,2021-04-02 0:00:00,,tr,
307,Mana Recovery upon taking DMG,,2021-04-02 0:00:00,2021-04-02 0:00:00,,tr,
308,DMG Reduction upon Block,,2021-04-02 0:00:00,2021-04-02 0:00:00,,tr,
309,DMG Reduction upon P.Block,,2021-04-02 0:00:00,2021-04-02 0:00:00,,tr,
310,DMG Reduction upon M.Block,,2021-04-02 0:00:00,2021-04-02 0:00:00,,tr,
311,Increases ATK by 35% when there is 1 enemy.,,2021-04-02 0:00:00,2021-04-02 0:00:00,,tm-opt,
312,Increases DEF by 45% when there is 1 enemy.,,2021-04-02 0:00:00,2021-04-02 0:00:00,,tm-opt,
313,Increases ATK by 35% when there is 3 enemy.,,2021-04-02 0:00:00,2021-04-02 0:00:00,,tm-opt,
314,Increases DEF by 45% when there is 3 enemy.,,2021-04-02 0:00:00,2021-04-02 0:00:00,,tm-opt,
315,Increases ATK by 50% for 10 sec when HP falls below 30%. This effect activates only once every 10 sec.,,2021-04-02 0:00:00,2021-04-02 0:00:00,,tm-opt,
316,Increases own DMG dealt to enemies by 25% when HP is above 95%.,,2021-04-02 0:00:00,2021-04-02 0:00:00,,tm-opt,
317,Increases DMG dealt to enemies by 15% for 10 sec when Mana at 100%. This effect activates only once every 15 sec.,,2021-04-02 0:00:00,2021-04-02 0:00:00,,tm-opt,
318,Immediately reduces Cooldown of all allies by 3% when Mana is at 100%. This effect activates only once every 10 sec.,,2021-04-02 0:00:00,2021-04-02 0:00:00,,tm-opt,
319,Reduces Cooldown of 1st Skill by 10% every 10 sec.,,2021-04-02 0:00:00,2021-04-02 0:00:00,,tm-opt,
320,Reduces Cooldown of 2nd Skill by 10% every 10 sec.,,2021-04-02 0:00:00,2021-04-02 0:00:00,,tm-opt,
321,Reduces Cooldown of 3rd Skill by 10% every 10 sec.,,2021-04-02 0:00:00,2021-04-02 0:00:00,,tm-opt,
322,"Upon every Skill use, increases ATK by 2%. This effect can be stacked up to max 20 times.",,2021-04-02 0:00:00,2021-04-02 0:00:00,,tm-opt,
323,"Upon every Skill use, takes 3% reduces DMG. This effect can be stacked up to max 8 times.",,2021-04-02 0:00:00,2021-04-02 0:00:00,,tm-opt,
324,"Upon blocking the enemy's attack, increases All Block by 20. This effect can be stacked up to max 20 times and activates only once every 2 sec.",,2021-04-02 0:00:00,2021-04-02 0:00:00,,tm-opt,
325,Takes 20% reduces P.DMG. This effect can increase up to 30% over 10 sec.,,2021-04-02 0:00:00,2021-04-02 0:00:00,,tm-opt,
326,Takes 20% reduces M.DMG. This effect can increase up to 30% over 10 sec.,,2021-04-02 0:00:00,2021-04-02 0:00:00,,tm-opt,
327,Increases DMG dealt to enemies by 3% every 15 sec. This effect can be stacked up to max 12 times.,,2021-04-02 0:00:00,2021-04-02 0:00:00,,tm-opt,
328,"Upon blocking an enemy attack, recovers 200 Mana. This effect activates only once every 1 sec.",,2021-04-02 0:00:00,2021-04-02 0:00:00,,tm-opt,
329,"Upon Skill use, increases Heal Rate by 25% for 5 sec. This effect activates only once every 10 sec.",,2021-04-02 0:00:00,2021-04-02 0:00:00,,tm-opt,
330,Increases DMG of [DMG that ignores DEF] by 25%.,,2021-04-02 0:00:00,2021-04-02 0:00:00,,tm-opt,
331,Increases DMG of [Continuous DMG] by 20%.,,2021-04-02 0:00:00,2021-04-02 0:00:00,,tm-opt,
332,"Upon killing an enemy, increases ATK by 2%. This effect can be stacked up to max 25 times.",,2021-04-02 0:00:00,2021-04-02 0:00:00,,tm-opt,
333,"At the beginning of each battle, increases ATK by 5%. This effect can be stacked up to max 15 times.",,2021-04-02 0:00:00,2021-04-02 0:00:00,,tm-opt,
334,Increases DEF by 7% per 1 enemy.,,2021-04-02 0:00:00,2021-04-02 0:00:00,,tm-opt,
335,Increases ATK by 6% per 1 enemy.,,2021-04-02 0:00:00,2021-04-02 0:00:00,,tm-opt,
336,Increases ATK of all allies by 5%.,,2021-04-02 0:00:00,2021-04-02 0:00:00,,tm-opt,
337,Increases Crit DMG of all allies by 10%.,,2021-04-02 0:00:00,2021-04-02 0:00:00,,tm-opt,
338,Increases All DEF of all allies by 7%.,,2021-04-02 0:00:00,2021-04-02 0:00:00,,tm-opt,
339,"At the beginning of each battle, increases DMG dealt to enemies of the ally with the highest ATK by 2.5% for 200 sec.",,2021-04-02 0:00:00,2021-04-02 0:00:00,,tm-opt,
340,Increases DMG of normal attacks by 25%.,,2021-04-02 0:00:00,2021-04-02 0:00:00,,tm-opt,
341,"Increases All Block by 150. At the beginning of each battle, additionally increases All Block by 200 for 10 sec.",,2021-04-02 0:00:00,2021-04-02 0:00:00,,tm-opt,
342,Increases own Shield by 25%.,,2021-04-02 0:00:00,2021-04-02 0:00:00,,tm-opt,
343,Heals HP equal to 1% of Max HP every sec.,,2021-04-02 0:00:00,2021-04-02 0:00:00,,tm-opt,
344,Recovers own Mana by 500 every 5 sec.,,2021-04-02 0:00:00,2021-04-02 0:00:00,,tm-opt,
345,Reduces All DEF by 25% and increases ATK by 50%.,,2021-04-02 0:00:00,2021-04-02 0:00:00,,tm-opt,
346,Reduces ATK by 20% and increases All DEF by 50%.,,2021-04-02 0:00:00,2021-04-02 0:00:00,,tm-opt,
347,Reduces the duration of CC's inflicted upon self by 15%.,,2021-04-02 0:00:00,2021-04-02 0:00:00,,tm-opt,
348,"Increases Dodge Chance by 200. Upon dodging an enemy attack, heals HP equal 3% of Max HP. This effect can be activates only once every 3 sec.",,2021-04-02 0:00:00,2021-04-02 0:00:00,,tm-opt,
349,Fixes ATK Spd to 1000 and increases ATK by 40%.,,2021-04-02 0:00:00,2021-04-02 0:00:00,,tm-opt,
350,Increases Crit DMG by 50%.,,2021-04-02 0:00:00,2021-04-02 0:00:00,,tm-opt,
351,Increases ATK Spd by 250.,,2021-04-02 0:00:00,2021-04-02 0:00:00,,tm-opt,
352,Increases DEF Penetration by 250.,,2021-04-02 0:00:00,2021-04-02 0:00:00,,tm-opt,
353,Increases Max HP by 25%.,,2021-04-02 0:00:00,2021-04-02 0:00:00,,tm-opt,
354,Increases All Block by 250.,,2021-04-02 0:00:00,2021-04-02 0:00:00,,tm-opt,
355,Increases All DEF by 25%.,,2021-04-02 0:00:00,2021-04-02 0:00:00,,tm-opt,
356,Increases Crit Chance by 250.,,2021-04-02 0:00:00,2021-04-02 0:00:00,,tm-opt,
357,Increases ATK by 25%.,,2021-04-02 0:00:00,2021-04-02 0:00:00,,tm-opt,
358,Soul Weapon Usage Limit +1,,2021-04-02 0:00:00,2021-04-02 0:00:00,,tm-opt,
359,Level of [1st Skill] +7,,2021-04-02 0:00:00,2021-04-02 0:00:00,,tm-opt,
360,Level of [2nd Skill] +7,,2021-04-02 0:00:00,2021-04-02 0:00:00,,tm-opt,
361,Level of [3rd Skill] +7,,2021-04-02 0:00:00,2021-04-02 0:00:00,,tm-opt,
362,Level of [4th Skill] +7,,2021-04-02 0:00:00,2021-04-02 0:00:00,,tm-opt,
363,Level of [All Skill] +5,,2021-04-02 0:00:00,2021-04-02 0:00:00,,tm-opt,
364,ATK,,2021-04-02 0:00:00,2021-04-02 0:00:00,,scroll,
365,ATK Spd,,2021-04-02 0:00:00,2021-04-02 0:00:00,,scroll,
366,Crit,,2021-04-02 0:00:00,2021-04-02 0:00:00,,scroll,
367,Crit DMG,,2021-04-02 0:00:00,2021-04-02 0:00:00,,scroll,
368,Penetration,,2021-04-02 0:00:00,2021-04-02 0:00:00,,scroll,
369,Lifesteal,,2021-04-02 0:00:00,2021-04-02 0:00:00,,scroll,
370,ACC,,2021-04-02 0:00:00,2021-04-02 0:00:00,,scroll,
371,Debuff ACC,,2021-04-02 0:00:00,2021-04-02 0:00:00,,scroll,
372,Max HP,,2021-04-02 0:00:00,2021-04-02 0:00:00,,scroll,
373,CC Resist,,2021-04-02 0:00:00,2021-04-02 0:00:00,,scroll,
374,P.Block,,2021-04-02 0:00:00,2021-04-02 0:00:00,,scroll,
375,M.Block,,2021-04-02 0:00:00,2021-04-02 0:00:00,,scroll,
376,P.DEF,,2021-04-02 0:00:00,2021-04-02 0:00:00,,scroll,
377,M.DEF,,2021-04-02 0:00:00,2021-04-02 0:00:00,,scroll,
378,P.Dodge,,2021-04-02 0:00:00,2021-04-02 0:00:00,,scroll,
379,M.Dodge,,2021-04-02 0:00:00,2021-04-02 0:00:00,,scroll,
380,Recovery,,2021-04-02 0:00:00,2021-04-02 0:00:00,,scroll,
381,P.Resistance,,2021-04-02 0:00:00,2021-04-02 0:00:00,,scroll,
382,M.Resistance,,2021-04-02 0:00:00,2021-04-02 0:00:00,,scroll,
383,DMG Reduction upon P.Block,,2021-04-02 0:00:00,2021-04-02 0:00:00,,scroll,
384,DMG Reduction upon M.Block,,2021-04-02 0:00:00,2021-04-02 0:00:00,,scroll,
385,Mana Recovery upon taking DMG,,2021-04-02 0:00:00,2021-04-02 0:00:00,,scroll,
386,q1,7,2021-04-08 0:00:00,2021-04-08 0:00:00,,stat,
387,q1,7.5,2021-04-08 0:00:00,2021-04-08 0:00:00,,stat,
388,q1,8,2021-04-08 0:00:00,2021-04-08 0:00:00,,stat,
389,q1,8.5,2021-04-08 0:00:00,2021-04-08 0:00:00,,stat,
390,q1,9,2021-04-08 0:00:00,2021-04-08 0:00:00,,stat,
391,q1,9.5,2021-04-08 0:00:00,2021-04-08 0:00:00,,stat,
392,q1,10,2021-04-08 0:00:00,2021-04-08 0:00:00,,stat,
393,q1,10.5,2021-04-08 0:00:00,2021-04-08 0:00:00,,stat,
394,q1,11,2021-04-08 0:00:00,2021-04-08 0:00:00,,stat,
395,q1,11.5,2021-04-08 0:00:00,2021-04-08 0:00:00,,stat,
396,q1,12,2021-04-08 0:00:00,2021-04-08 0:00:00,,stat,
397,q2,21,2021-04-08 0:00:00,2021-04-08 0:00:00,,stat,
398,q2,22.5,2021-04-08 0:00:00,2021-04-08 0:00:00,,stat,
399,q2,24,2021-04-08 0:00:00,2021-04-08 0:00:00,,stat,
400,q2,25.5,2021-04-08 0:00:00,2021-04-08 0:00:00,,stat,
401,q2,27,2021-04-08 0:00:00,2021-04-08 0:00:00,,stat,
402,q2,28.5,2021-04-08 0:00:00,2021-04-08 0:00:00,,stat,
403,q2,30,2021-04-08 0:00:00,2021-04-08 0:00:00,,stat,
404,q2,31.5,2021-04-08 0:00:00,2021-04-08 0:00:00,,stat,
405,q2,33,2021-04-08 0:00:00,2021-04-08 0:00:00,,stat,
406,q2,34.5,2021-04-08 0:00:00,2021-04-08 0:00:00,,stat,
407,q2,36,2021-04-08 0:00:00,2021-04-08 0:00:00,,stat,
408,q3,14,2021-04-08 0:00:00,2021-04-08 0:00:00,,stat,
409,q3,15,2021-04-08 0:00:00,2021-04-08 0:00:00,,stat,
410,q3,16,2021-04-08 0:00:00,2021-04-08 0:00:00,,stat,
411,q3,17,2021-04-08 0:00:00,2021-04-08 0:00:00,,stat,
412,q3,18,2021-04-08 0:00:00,2021-04-08 0:00:00,,stat,
413,q3,19,2021-04-08 0:00:00,2021-04-08 0:00:00,,stat,
414,q3,20,2021-04-08 0:00:00,2021-04-08 0:00:00,,stat,
415,q3,21,2021-04-08 0:00:00,2021-04-08 0:00:00,,stat,
416,q3,22,2021-04-08 0:00:00,2021-04-08 0:00:00,,stat,
417,q3,23,2021-04-08 0:00:00,2021-04-08 0:00:00,,stat,
418,q3,24,2021-04-08 0:00:00,2021-04-08 0:00:00,,stat,
419,q4,70,2021-04-08 0:00:00,2021-04-08 0:00:00,,stat,
420,q4,75,2021-04-08 0:00:00,2021-04-08 0:00:00,,stat,
421,q4,80,2021-04-08 0:00:00,2021-04-08 0:00:00,,stat,
422,q4,85,2021-04-08 0:00:00,2021-04-08 0:00:00,,stat,
423,q4,90,2021-04-08 0:00:00,2021-04-08 0:00:00,,stat,
424,q4,95,2021-04-08 0:00:00,2021-04-08 0:00:00,,stat,
425,q4,100,2021-04-08 0:00:00,2021-04-08 0:00:00,,stat,
426,q4,105,2021-04-08 0:00:00,2021-04-08 0:00:00,,stat,
427,q4,110,2021-04-08 0:00:00,2021-04-08 0:00:00,,stat,
428,q4,115,2021-04-08 0:00:00,2021-04-08 0:00:00,,stat,
429,q4,120,2021-04-08 0:00:00,2021-04-08 0:00:00,,stat,
430,q5,140,2021-04-08 0:00:00,2021-04-08 0:00:00,,stat,
431,q5,150,2021-04-08 0:00:00,2021-04-08 0:00:00,,stat,
432,q5,160,2021-04-08 0:00:00,2021-04-08 0:00:00,,stat,
433,q5,170,2021-04-08 0:00:00,2021-04-08 0:00:00,,stat,
434,q5,180,2021-04-08 0:00:00,2021-04-08 0:00:00,,stat,
435,q5,190,2021-04-08 0:00:00,2021-04-08 0:00:00,,stat,
436,q5,200,2021-04-08 0:00:00,2021-04-08 0:00:00,,stat,
437,q5,210,2021-04-08 0:00:00,2021-04-08 0:00:00,,stat,
438,q5,220,2021-04-08 0:00:00,2021-04-08 0:00:00,,stat,
439,q5,230,2021-04-08 0:00:00,2021-04-08 0:00:00,,stat,
440,q5,240,2021-04-08 0:00:00,2021-04-08 0:00:00,,stat,
441,q6,35,2021-04-08 0:00:00,2021-04-08 0:00:00,,stat,
442,q6,37,2021-04-08 0:00:00,2021-04-08 0:00:00,,stat,
443,q6,40,2021-04-08 0:00:00,2021-04-08 0:00:00,,stat,
444,q6,42,2021-04-08 0:00:00,2021-04-08 0:00:00,,stat,
445,q6,45,2021-04-08 0:00:00,2021-04-08 0:00:00,,stat,
446,q6,48,2021-04-08 0:00:00,2021-04-08 0:00:00,,stat,
447,q6,50,2021-04-08 0:00:00,2021-04-08 0:00:00,,stat,
448,q6,52,2021-04-08 0:00:00,2021-04-08 0:00:00,,stat,
449,q6,55,2021-04-08 0:00:00,2021-04-08 0:00:00,,stat,
450,q6,57,2021-04-08 0:00:00,2021-04-08 0:00:00,,stat,
451,q6,60,2021-04-08 0:00:00,2021-04-08 0:00:00,,stat,
452,q7,60,2021-04-08 0:00:00,2021-04-08 0:00:00,,stat,
453,q7,70,2021-04-08 0:00:00,2021-04-08 0:00:00,,stat,
454,q7,80,2021-04-08 0:00:00,2021-04-08 0:00:00,,stat,
455,q7,90,2021-04-08 0:00:00,2021-04-08 0:00:00,,stat,
456,q7,100,2021-04-08 0:00:00,2021-04-08 0:00:00,,stat,
457,q7,110,2021-04-08 0:00:00,2021-04-08 0:00:00,,stat,
458,q1,12,2021-04-09 0:00:00,2021-04-09 0:00:00,,tm-stat,
459,q1,14,2021-04-09 0:00:00,2021-04-09 0:00:00,,tm-stat,
460,q1,16,2021-04-09 0:00:00,2021-04-09 0:00:00,,tm-stat,
461,q2,24,2021-04-09 0:00:00,2021-04-09 0:00:00,,tm-stat,
462,q2,28,2021-04-09 0:00:00,2021-04-09 0:00:00,,tm-stat,
463,q2,32,2021-04-09 0:00:00,2021-04-09 0:00:00,,tm-stat,
464,q3,36,2021-04-09 0:00:00,2021-04-09 0:00:00,,tm-stat,
465,q3,42,2021-04-09 0:00:00,2021-04-09 0:00:00,,tm-stat,
466,q3,48,2021-04-09 0:00:00,2021-04-09 0:00:00,,tm-stat,
467,q4,120,2021-04-09 0:00:00,2021-04-09 0:00:00,,tm-stat,
468,q4,140,2021-04-09 0:00:00,2021-04-09 0:00:00,,tm-stat,
469,q4,160,2021-04-09 0:00:00,2021-04-09 0:00:00,,tm-stat,
470,q5,240,2021-04-09 0:00:00,2021-04-09 0:00:00,,tm-stat,
471,q5,280,2021-04-09 0:00:00,2021-04-09 0:00:00,,tm-stat,
472,q5,320,2021-04-09 0:00:00,2021-04-09 0:00:00,,tm-stat,
473,q1,5,2021-04-11 0:00:00,2021-04-11 0:00:00,,tr-stat,
474,q1,6,2021-04-11 0:00:00,2021-04-11 0:00:00,,tr-stat,
475,q1,7,2021-04-11 0:00:00,2021-04-11 0:00:00,,tr-stat,
476,q1,8,2021-04-11 0:00:00,2021-04-11 0:00:00,,tr-stat,
477,q1,9,2021-04-11 0:00:00,2021-04-11 0:00:00,,tr-stat,
478,q1,10,2021-04-11 0:00:00,2021-04-11 0:00:00,,tr-stat,
479,q1,11,2021-04-11 0:00:00,2021-04-11 0:00:00,,tr-stat,
480,q1,12,2021-04-11 0:00:00,2021-04-11 0:00:00,,tr-stat,
481,q1,13,2021-04-11 0:00:00,2021-04-11 0:00:00,,tr-stat,
482,q1,14,2021-04-11 0:00:00,2021-04-11 0:00:00,,tr-stat,
483,q2,15,2021-04-11 0:00:00,2021-04-11 0:00:00,,tr-stat,
484,q2,18,2021-04-11 0:00:00,2021-04-11 0:00:00,,tr-stat,
485,q2,21,2021-04-11 0:00:00,2021-04-11 0:00:00,,tr-stat,
486,q2,24,2021-04-11 0:00:00,2021-04-11 0:00:00,,tr-stat,
487,q2,27,2021-04-11 0:00:00,2021-04-11 0:00:00,,tr-stat,
488,q2,30,2021-04-11 0:00:00,2021-04-11 0:00:00,,tr-stat,
489,q2,33,2021-04-11 0:00:00,2021-04-11 0:00:00,,tr-stat,
490,q2,36,2021-04-11 0:00:00,2021-04-11 0:00:00,,tr-stat,
491,q2,39,2021-04-11 0:00:00,2021-04-11 0:00:00,,tr-stat,
492,q2,42,2021-04-11 0:00:00,2021-04-11 0:00:00,,tr-stat,
493,q3,10,2021-04-11 0:00:00,2021-04-11 0:00:00,,tr-stat,
494,q3,12,2021-04-11 0:00:00,2021-04-11 0:00:00,,tr-stat,
495,q3,14,2021-04-11 0:00:00,2021-04-11 0:00:00,,tr-stat,
496,q3,16,2021-04-11 0:00:00,2021-04-11 0:00:00,,tr-stat,
497,q3,18,2021-04-11 0:00:00,2021-04-11 0:00:00,,tr-stat,
498,q3,20,2021-04-11 0:00:00,2021-04-11 0:00:00,,tr-stat,
499,q3,22,2021-04-11 0:00:00,2021-04-11 0:00:00,,tr-stat,
500,q3,24,2021-04-11 0:00:00,2021-04-11 0:00:00,,tr-stat,
501,q3,26,2021-04-11 0:00:00,2021-04-11 0:00:00,,tr-stat,
502,q3,28,2021-04-11 0:00:00,2021-04-11 0:00:00,,tr-stat,
503,q4,50,2021-04-11 0:00:00,2021-04-11 0:00:00,,tr-stat,
504,q4,60,2021-04-11 0:00:00,2021-04-11 0:00:00,,tr-stat,
505,q4,70,2021-04-11 0:00:00,2021-04-11 0:00:00,,tr-stat,
506,q4,80,2021-04-11 0:00:00,2021-04-11 0:00:00,,tr-stat,
507,q4,90,2021-04-11 0:00:00,2021-04-11 0:00:00,,tr-stat,
508,q4,100,2021-04-11 0:00:00,2021-04-11 0:00:00,,tr-stat,
509,q4,110,2021-04-11 0:00:00,2021-04-11 0:00:00,,tr-stat,
510,q4,120,2021-04-11 0:00:00,2021-04-11 0:00:00,,tr-stat,
511,q4,130,2021-04-11 0:00:00,2021-04-11 0:00:00,,tr-stat,
512,q4,140,2021-04-11 0:00:00,2021-04-11 0:00:00,,tr-stat,
513,q5,100,2021-04-11 0:00:00,2021-04-11 0:00:00,,tr-stat,
514,q5,120,2021-04-11 0:00:00,2021-04-11 0:00:00,,tr-stat,
515,q5,140,2021-04-11 0:00:00,2021-04-11 0:00:00,,tr-stat,
516,q5,160,2021-04-11 0:00:00,2021-04-11 0:00:00,,tr-stat,
517,q5,180,2021-04-11 0:00:00,2021-04-11 0:00:00,,tr-stat,
518,q5,200,2021-04-11 0:00:00,2021-04-11 0:00:00,,tr-stat,
519,q5,220,2021-04-11 0:00:00,2021-04-11 0:00:00,,tr-stat,
520,q5,240,2021-04-11 0:00:00,2021-04-11 0:00:00,,tr-stat,
521,q5,260,2021-04-11 0:00:00,2021-04-11 0:00:00,,tr-stat,
522,q5,280,2021-04-11 0:00:00,2021-04-11 0:00:00,,tr-stat,
523,q6,25,2021-04-11 0:00:00,2021-04-11 0:00:00,,tr-stat,
524,q6,30,2021-04-11 0:00:00,2021-04-11 0:00:00,,tr-stat,
525,q6,35,2021-04-11 0:00:00,2021-04-11 0:00:00,,tr-stat,
526,q6,40,2021-04-11 0:00:00,2021-04-11 0:00:00,,tr-stat,
527,q6,45,2021-04-11 0:00:00,2021-04-11 0:00:00,,tr-stat,
528,q6,50,2021-04-11 0:00:00,2021-04-11 0:00:00,,tr-stat,
529,q6,55,2021-04-11 0:00:00,2021-04-11 0:00:00,,tr-stat,
530,q6,60,2021-04-11 0:00:00,2021-04-11 0:00:00,,tr-stat,
531,q6,65,2021-04-11 0:00:00,2021-04-11 0:00:00,,tr-stat,
532,q6,70,2021-04-11 0:00:00,2021-04-11 0:00:00,,tr-stat,
533,q1,1,2021-04-11 0:00:00,2021-04-11 0:00:00,,ench,
534,q1,1.5,2021-04-11 0:00:00,2021-04-11 0:00:00,,ench,
535,q1,2,2021-04-11 0:00:00,2021-04-11 0:00:00,,ench,
536,q1,2.5,2021-04-11 0:00:00,2021-04-11 0:00:00,,ench,
537,q1,3,2021-04-11 0:00:00,2021-04-11 0:00:00,,ench,
538,q1,3.5,2021-04-11 0:00:00,2021-04-11 0:00:00,,ench,
539,q1,4,2021-04-11 0:00:00,2021-04-11 0:00:00,,ench,
540,q1,4.5,2021-04-11 0:00:00,2021-04-11 0:00:00,,ench,
541,q1,5,2021-04-11 0:00:00,2021-04-11 0:00:00,,ench,
542,q1,5.5,2021-04-11 0:00:00,2021-04-11 0:00:00,,ench,
543,q1,6,2021-04-11 0:00:00,2021-04-11 0:00:00,,ench,
544,q1,6.5,2021-04-11 0:00:00,2021-04-11 0:00:00,,ench,
545,q1,7,2021-04-11 0:00:00,2021-04-11 0:00:00,,ench,
546,q1,7.5,2021-04-11 0:00:00,2021-04-11 0:00:00,,ench,
547,q1,8,2021-04-11 0:00:00,2021-04-11 0:00:00,,ench,
548,q1,8.5,2021-04-11 0:00:00,2021-04-11 0:00:00,,ench,
549,q1,9,2021-04-11 0:00:00,2021-04-11 0:00:00,,ench,
550,q1,9.5,2021-04-11 0:00:00,2021-04-11 0:00:00,,ench,
551,q1,10,2021-04-11 0:00:00,2021-04-11 0:00:00,,ench,
552,q1,10.5,2021-04-11 0:00:00,2021-04-11 0:00:00,,ench,
553,q1,11,2021-04-11 0:00:00,2021-04-11 0:00:00,,ench,
554,q2,2,2021-04-11 0:00:00,2021-04-11 0:00:00,,ench,
555,q2,3,2021-04-11 0:00:00,2021-04-11 0:00:00,,ench,
556,q2,4,2021-04-11 0:00:00,2021-04-11 0:00:00,,ench,
557,q2,5,2021-04-11 0:00:00,2021-04-11 0:00:00,,ench,
558,q2,6,2021-04-11 0:00:00,2021-04-11 0:00:00,,ench,
559,q2,7,2021-04-11 0:00:00,2021-04-11 0:00:00,,ench,
560,q2,8,2021-04-11 0:00:00,2021-04-11 0:00:00,,ench,
561,q2,9,2021-04-11 0:00:00,2021-04-11 0:00:00,,ench,
562,q2,10,2021-04-11 0:00:00,2021-04-11 0:00:00,,ench,
563,q2,11,2021-04-11 0:00:00,2021-04-11 0:00:00,,ench,
564,q2,12,2021-04-11 0:00:00,2021-04-11 0:00:00,,ench,
565,q2,13,2021-04-11 0:00:00,2021-04-11 0:00:00,,ench,
566,q2,14,2021-04-11 0:00:00,2021-04-11 0:00:00,,ench,
567,q2,15,2021-04-11 0:00:00,2021-04-11 0:00:00,,ench,
568,q2,16,2021-04-11 0:00:00,2021-04-11 0:00:00,,ench,
569,q2,17,2021-04-11 0:00:00,2021-04-11 0:00:00,,ench,
570,q2,18,2021-04-11 0:00:00,2021-04-11 0:00:00,,ench,
571,q2,19,2021-04-11 0:00:00,2021-04-11 0:00:00,,ench,
572,q2,20,2021-04-11 0:00:00,2021-04-11 0:00:00,,ench,
573,q2,21,2021-04-11 0:00:00,2021-04-11 0:00:00,,ench,
574,q2,22,2021-04-11 0:00:00,2021-04-11 0:00:00,,ench,
575,q3,10,2021-04-11 0:00:00,2021-04-11 0:00:00,,ench,
576,q3,15,2021-04-11 0:00:00,2021-04-11 0:00:00,,ench,
577,q3,20,2021-04-11 0:00:00,2021-04-11 0:00:00,,ench,
578,q3,25,2021-04-11 0:00:00,2021-04-11 0:00:00,,ench,
579,q3,30,2021-04-11 0:00:00,2021-04-11 0:00:00,,ench,
580,q3,35,2021-04-11 0:00:00,2021-04-11 0:00:00,,ench,
581,q3,40,2021-04-11 0:00:00,2021-04-11 0:00:00,,ench,
582,q3,45,2021-04-11 0:00:00,2021-04-11 0:00:00,,ench,
583,q3,50,2021-04-11 0:00:00,2021-04-11 0:00:00,,ench,
584,q3,55,2021-04-11 0:00:00,2021-04-11 0:00:00,,ench,
585,q3,60,2021-04-11 0:00:00,2021-04-11 0:00:00,,ench,
586,q3,65,2021-04-11 0:00:00,2021-04-11 0:00:00,,ench,
587,q3,70,2021-04-11 0:00:00,2021-04-11 0:00:00,,ench,
588,q3,75,2021-04-11 0:00:00,2021-04-11 0:00:00,,ench,
589,q3,80,2021-04-11 0:00:00,2021-04-11 0:00:00,,ench,
590,q3,85,2021-04-11 0:00:00,2021-04-11 0:00:00,,ench,
591,q3,90,2021-04-11 0:00:00,2021-04-11 0:00:00,,ench,
592,q3,95,2021-04-11 0:00:00,2021-04-11 0:00:00,,ench,
593,q3,100,2021-04-11 0:00:00,2021-04-11 0:00:00,,ench,
594,q3,105,2021-04-11 0:00:00,2021-04-11 0:00:00,,ench,
595,q3,110,2021-04-11 0:00:00,2021-04-11 0:00:00,,ench,
596,q4,20,2021-04-11 0:00:00,2021-04-11 0:00:00,,ench,
597,q4,25,2021-04-11 0:00:00,2021-04-11 0:00:00,,ench,
598,q4,30,2021-04-11 0:00:00,2021-04-11 0:00:00,,ench,
599,q4,35,2021-04-11 0:00:00,2021-04-11 0:00:00,,ench,
600,q4,40,2021-04-11 0:00:00,2021-04-11 0:00:00,,ench,
601,q4,45,2021-04-11 0:00:00,2021-04-11 0:00:00,,ench,
602,q4,50,2021-04-11 0:00:00,2021-04-11 0:00:00,,ench,
603,q4,55,2021-04-11 0:00:00,2021-04-11 0:00:00,,ench,
604,q4,60,2021-04-11 0:00:00,2021-04-11 0:00:00,,ench,
605,q4,65,2021-04-11 0:00:00,2021-04-11 0:00:00,,ench,
606,q4,70,2021-04-11 0:00:00,2021-04-11 0:00:00,,ench,
607,q4,75,2021-04-11 0:00:00,2021-04-11 0:00:00,,ench,
608,q4,80,2021-04-11 0:00:00,2021-04-11 0:00:00,,ench,
609,q4,85,2021-04-11 0:00:00,2021-04-11 0:00:00,,ench,
610,q4,90,2021-04-11 0:00:00,2021-04-11 0:00:00,,ench,
611,q4,95,2021-04-11 0:00:00,2021-04-11 0:00:00,,ench,
612,q4,100,2021-04-11 0:00:00,2021-04-11 0:00:00,,ench,
613,q4,105,2021-04-11 0:00:00,2021-04-11 0:00:00,,ench,
614,q4,110,2021-04-11 0:00:00,2021-04-11 0:00:00,,ench,
615,q4,115,2021-04-11 0:00:00,2021-04-11 0:00:00,,ench,
616,q4,120,2021-04-11 0:00:00,2021-04-11 0:00:00,,ench,
617,q4,125,2021-04-11 0:00:00,2021-04-11 0:00:00,,ench,
618,q4,130,2021-04-11 0:00:00,2021-04-11 0:00:00,,ench,
619,q4,135,2021-04-11 0:00:00,2021-04-11 0:00:00,,ench,
620,q4,140,2021-04-11 0:00:00,2021-04-11 0:00:00,,ench,
621,q4,145,2021-04-11 0:00:00,2021-04-11 0:00:00,,ench,
622,q4,150,2021-04-11 0:00:00,2021-04-11 0:00:00,,ench,
623,q4,155,2021-04-11 0:00:00,2021-04-11 0:00:00,,ench,
624,q4,160,2021-04-11 0:00:00,2021-04-11 0:00:00,,ench,
625,q4,165,2021-04-11 0:00:00,2021-04-11 0:00:00,,ench,
626,q4,170,2021-04-11 0:00:00,2021-04-11 0:00:00,,ench,
627,q4,175,2021-04-11 0:00:00,2021-04-11 0:00:00,,ench,
628,q4,180,2021-04-11 0:00:00,2021-04-11 0:00:00,,ench,
629,q4,185,2021-04-11 0:00:00,2021-04-11 0:00:00,,ench,
630,q4,190,2021-04-11 0:00:00,2021-04-11 0:00:00,,ench,
631,q4,195,2021-04-11 0:00:00,2021-04-11 0:00:00,,ench,
632,q4,200,2021-04-11 0:00:00,2021-04-11 0:00:00,,ench,
633,q4,205,2021-04-11 0:00:00,2021-04-11 0:00:00,,ench,
634,q4,210,2021-04-11 0:00:00,2021-04-11 0:00:00,,ench,
635,q4,215,2021-04-11 0:00:00,2021-04-11 0:00:00,,ench,
636,q4,220,2021-04-11 0:00:00,2021-04-11 0:00:00,,ench,
637,ATK,,2021-05-25 0:00:00,2021-05-25 0:00:00,,tm-ench,
638,ATK Spd,,2021-05-25 0:00:00,2021-05-25 0:00:00,,tm-ench,
639,Crit,,2021-05-25 0:00:00,2021-05-25 0:00:00,,tm-ench,
640,Crit DMG,,2021-05-25 0:00:00,2021-05-25 0:00:00,,tm-ench,
641,MP Recovery/Attack,,2021-05-25 0:00:00,2021-05-25 0:00:00,,tm-ench,
642,MP Recovery/Sec,,2021-05-25 0:00:00,2021-05-25 0:00:00,,tm-ench,
643,Penetration,,2021-05-25 0:00:00,2021-05-25 0:00:00,,tm-ench,
644,Lifesteal,,2021-05-25 0:00:00,2021-05-25 0:00:00,,tm-ench,
645,ACC,,2021-05-25 0:00:00,2021-05-25 0:00:00,,tm-ench,
646,Debuff ACC,,2021-05-25 0:00:00,2021-05-25 0:00:00,,tm-ench,
647,Max HP,,2021-05-25 0:00:00,2021-05-25 0:00:00,,tm-ench,
648,CC Resist,,2021-05-25 0:00:00,2021-05-25 0:00:00,,tm-ench,
649,P.Block,,2021-05-25 0:00:00,2021-05-25 0:00:00,,tm-ench,
650,M.Block,,2021-05-25 0:00:00,2021-05-25 0:00:00,,tm-ench,
651,P.Crit Resistance,,2021-05-25 0:00:00,2021-05-25 0:00:00,,tm-ench,
652,M.Crit Resistance,,2021-05-25 0:00:00,2021-05-25 0:00:00,,tm-ench,
653,P.DEF,,2021-05-25 0:00:00,2021-05-25 0:00:00,,tm-ench,
654,M.DEF,,2021-05-25 0:00:00,2021-05-25 0:00:00,,tm-ench,
655,P.Dodge,,2021-05-25 0:00:00,2021-05-25 0:00:00,,tm-ench,
656,M.Dodge,,2021-05-25 0:00:00,2021-05-25 0:00:00,,tm-ench,
657,q1,4,2021-05-25 0:00:00,2021-05-25 0:00:00,,tm-ench-stat,
658,q2,8,2021-05-25 0:00:00,2021-05-25 0:00:00,,tm-ench-stat,
659,q3,12,2021-05-25 0:00:00,2021-05-25 0:00:00,,tm-ench-stat,
660,q4,40,2021-05-25 0:00:00,2021-05-25 0:00:00,,tm-ench-stat,
661,q5,80,2021-05-25 0:00:00,2021-05-25 0:00:00,,tm-ench-stat,
662,q6,16,2021-05-25 0:00:00,2021-05-25 0:00:00,,tm-ench-stat,